hash,type,name
cbf975d57968ea73,import,analyze_benchmark
8a55ee562c1c852a,import,analyzemerge_gaugeir
791b079238d03a21,target,autotuningset_o1
48404e413cd5d401,target,autotuningset_o1_4a34c9b1
b7f912006c641189,target,autotuningset_o1_671f22e7
d1882251f8a719cf,target,autotuningset_u10
072adfa767d91ad6,target,autotuningset_u10_4c2ddf73
b7f912006c641189,target,autotuningset_u10_671f22e7
7c12513424f3da77,target,baselearners_o1
21e7775b3824ba05,target,baselearners_u10
1f1fba4100a90f59,target,basemaps
e391f27413b1b603,target,basinBACC
fecb4a2d5a90b181,target,basinchange
a1b101feacc7152b,target,basintable_anthropo
31f52d0324f124a2,target,basintable_notanthropo
8c72deff845b938e,import,bin_dt
2b7e0396d4c7be16,target,bin_finalmisclass_IRpredcat_CVnosp
13afc26caf8ee9ef,target,bin_finalmisclass_IRpredcat_CVsp
67dc83b744a161f5,import,bin_misclass
b89e66565fb897a4,target,bin_rftunedmisclass_o1
8bb3e3657e9520da,target,bin_rftunedmisclass_u10
03a3faf611dbdd00,import,bind_gaugepreds
b7848053c2c87028,import,bm_msrtab
e2483ac1b26cdbbf,import,bm_paramstime
5ba4eb356e14fc4c,target,climatetable_anthropo
facc5ae27f40f753,target,climatetable_notanthropo
977d1c985e7833e7,import,combine_bm
51dae176d0f658e6,import,comp_derivedvar
323603b3f3842469,import,comp_GRDCdurfreq
ad5e0b8428a35413,import,comp_GRDCqstats
8aa754e28fc6ecce,import,comp_GSIMdurfreq
58636ced4fb2ee48,import,comp_irstats
f0431b67088cdba4,import,comp_netchange
05afe39176524018,import,comp_ymean
6ec0dc730c144128,import,compute_confustats
fca31dbea4e4626d,import,compute_IRpop
82eb1c2d5965355b,import,create_baselearners
b27a608d992d9324,import,create_tasks
143346635cfe887f,import,diny
0432ea66964c05ee,import,dynamic_resample
c8f0ff268b4d4bf0,import,dynamic_resamplebm
de645977d9d4a590,import,extend_globalsummary_clz
d02a0161cf1a00ef,import,extract_impperf_nestedrf
672b716ca7fcf814,import,extract_pd_nestedrf
7583703b8cef0a5f,import,extrapolate_IRES
072bb56ecfb53af0,import,extrapolate_networklength
a5fbd1bf88b4052b,target,featsel_cv_o1
a6bd8a49ac77e726,target,featsel_cv_u10
7ef8cd91f3a2823d,target,featsel_spcv_o1
cdd88bb6c826d731,target,featsel_spcv_u10
fa5574145a0e9cbe,import,flagGRDCoutliers
66595cfe1bf0e5d3,import,format_gaugestats
e7dac33815c6b37a,import,format_modelcompdat
38898b776e9c2cca,import,formatscales
a513e04408f8d890,import,fread_cols
dd11af6daa117223,target,gaugeIPR_plot
1f6eb5b3c571fc96,target,gaugep
41201a481d338063,target,gauges_plot
7716876f0118e7bb,target,gaugestats_analyzed
22c6efe9ab4f12b1,target,gaugestats_format
0aa4554af445a20c,target,gaugestats_format_o1
f957f6c8686fc1cc,target,gaugestats_format_u10
28f51c8dfe197681,import,get_basemapswintri
4749ee7e1ee50d1c,import,get_outerrsmp
ee8fb9c2076ec220,import,get_oversamp_ratio
29999e96aed07201,import,get_USdata
72a02a366c892d73,import,ggenvhist
9a92d35d33b4838b,import,gggaugeIPR
44db17ecd48a50c1,import,gggauges
f7ae6e9403aebc20,import,ggmisclass_single
919fa14cebbe3910,import,ggpartialdep
50e8b44ed0d16b2d,import,ggrivers
7b3f39d21843978a,import,ggvimp
3380fc15586082e1,target,globaltable_notanthropo
2bf9ebec5a1068ca,target,globaltables_clz_cl_cmj
9caac80113a1c690,target,globaltables_fmh_cl_cmj
5e0cac51d6536c9f,target,globaltables_gad_id_cmj
ba3478352b493bec,target,globaltables_HYBAS_ID03
685ccdf289d4dc8d,target,globaltables_tbi_cl_cmj
96e93c60d372879a,target,gpredsdt
b5d2c9fd8f0c78a6,target,gpredsdt_o1
b568ebd44c8fa596,target,gpredsdt_u10
768afa0a53cfa2e8,target,GRDCgauged_filenames
f46c94f6c579e4b5,target,GRDCgaugestats
4217d9e571382bf1,target,GRDCplots
ea88d6d105947938,target,GRDCqstats
ed2271bc7048ec78,target,GSIMgaugedmo_filenames
e51a4965249bac22,target,GSIMgaugedsea_filenames
4f638e50ff444df8,target,GSIMgaugestats
92da566b988b1a0b,target,GSIMplots
e329af432d4c3e11,target,interthresh_o1
e329af432d4c3e11,target,interthresh_u10
5d5a7de255350822,import,layout_ggenvhist
fe3b342608626bb9,import,make_gaugepreds
f68a6fefa8be09ed,import,map_basinBACC
4ebfa8c40db72056,import,map_basinchange
c3ee6dc90746d54c,target,measures
94d7fba56e3ecc79,import,Metrics::auc
8b95f0c9515ea26d,import,Metrics::precision
401ba0ccfd53c6ca,import,Metrics::recall
b48b4da9d17a31f7,import,base::merge
18853e8af403b41f,import,data.table::shift
5129f09ed3d6c3cc,import,dataRetrieval::readNWISdv
544c352fbfa8c5c7,import,dplyr::case_when
e278449854395dff,import,edarf::partial_dependence
240d2ca98f6995c7,import,future.apply::future_lapply
037a8270b9edc86b,import,mgcv::gam
ed0557e8c4cd4df6,import,mlr3measures::bacc
9e5b3eceff51ec20,import,mlr3misc::insert_named
aead8815ace0b9f5,import,mlr3pipelines::GraphLearner
d7e3c9e827b2aab7,import,mlr3pipelines::po
0545f9013524d9b7,import,mlr3spatiotempcv::TaskClassifST
5e7aed5660c8282e,import,mlr3tuning::trm
a593eb142d9ac57d,import,mlr3viz::autoplot
4b07a12c15c111e6,import,mlr3::lrn
f01cc02dd98a1884,import,mlr3::msr
5632d64cbe0cb5c2,import,mlr3::resample
876f6d6d120e92d4,import,partykit::varimp
25cd7cc02a2606a5,import,parallel::detectCores
b580a5d84630c349,import,qs::qread
c245beec6750d69f,import,qs::qsave
3acdd7b2c6c8deb5,import,readxl::read_xlsx
79a900773fe94802,import,rnaturalearth::ne_countries
11c936b7507f9e43,import,rnaturalearth::ne_download
97e7a02a1ae6aa11,import,stringr::str_wrap
eed960a174f8bf75,import,scales::math_format
fa7c9426f37833f1,import,scales::scientific_format
3493a298771e488a,import,scales::seq_gradient_pal
c55e23228c26122b,import,scales::trans_breaks
ca3f7beca10a7da8,import,scales::trans_format
7b4084609e88b4c1,import,sf::st_coordinates
dd63504d48eb1ae0,target,netchange
ee8fe05a8a87c26c,import,netpredformat
ffd176d37fd2ed04,target,outpath_bas03change
41c4e1d012bc43fb,target,outpath_bas03error
a5178e2539978b29,target,outpath_gaugep
4812b7c33516b3a8,target,outpath_netdiftab
b9175e98aa606267,target,outpath_riveratlaspred
5f3d26493f28fb4d,import,file D:/globalIRmap/data\GRDCdat_day
59f2658dd3080fd1,import,file D:/globalIRmap/data\HydroATLAS\HydroATLAS_metadata_MLMv11.xlsx
64674d68464243f0,import,file D:/globalIRmap/data\HydroATLAS\HydroATLAS_v10_Legends.xlsx
3ea8d2dc9b9879ac,target,file D:/globalIRmap/results\BasinATLAS_v10_lev03_anthropoIRchange.csv
90f6177b29372207,target,file D:/globalIRmap/results\BasinATLAS_v10_lev03_anthropoIRchange.gpkg
feef0798110e0b53,target,file D:/globalIRmap/results\BasinATLAS_v10_lev03_errors_anthropo.gpkg
66a3acba2c6869b6,target,file D:/globalIRmap/results\GRDCstations_predanthropo.gpkg
319be7ec9f259e64,import,file D:/globalIRmap/results\RiverATLAS_v10tab.csv
118d5fc2b37d1092,import,file D:/globalIRmap/results\RiverATLAS_v11_dis_ant_year.csv
0e11d2da46fb5878,import,file D:/globalIRmap/results\RiverATLAS_v11tab.csv
ae918214458347e6,target,path_bas03
e155487a7d118d40,target,path_disanthropo
d430c6fc74e9c0aa,target,path_GRDCgaugedir
5bae3440078a54fd,target,path_GRDCgaugep
c37b2316b53da0a4,target,path_GSIMgaugep
01331efc2857d77c,target,path_GSIMindicesdir
9061bee1e9a6ed03,target,path_netpredsnotanthropo
9061bee1e9a6ed03,target,path_prednotanthropo
0b6d822bd6e0d44d,target,path_resdir
630267351a0a8208,target,path_riveratlas
ba29bc928ac2ea37,target,path_riveratlas_legends
4afe280f65a90e84,target,path_riveratlas_meta
ec3f144e6a027d4e,target,path_riveratlas2
1205939890a39560,target,pd_plot_o1
e6ed79ff7871318e,target,pd_plot_u10
a6df47437cdef3f1,import,plot_coastalir
b2ca68bb09e8bea5,import,plot_GRDCflags
6070302e7f5fed49,import,plot_GSIM
305c7324081ce9fb,import,plot_winterir
a6e094a5fe439f1a,import,plotGRDCtimeseries
e143912b8b194304,import,plotGSIMtimeseries
1a95bd28f49ead9d,target,predvars
f9a8b452e74ff232,import,read_gaugep
3f78efa5cbeeef83,import,read_GRDCgauged_paths
e63495144848df95,import,read_GSIMgauged_paths
f81a8e1f1e59bf94,import,readformatGRDC
3c5c5b4c5ec2b5c8,import,readformatGSIMmon
4009858b160e491d,import,readformatGSIMsea
3542ecf02105e75a,target,res_all_cv_o1
1a5e5c6265327577,target,res_all_cv_u10
df253e7d2691aa82,target,res_featsel_cv_o1
2062865722cc1fbe,target,res_featsel_cv_u10
57c676f7dcecbca5,target,res_featsel_spcv_o1
73b72bcb9766f3a5,target,res_featsel_spcv_u10
30eee64c0ce183e1,target,resamplingset_o1
7237a221d5dcd21b,target,resamplingset_u10
0b98196a73fd8900,import,reset_tuning
943961016ed45033,target,rfbm_classif_o1
5a707053625c49d9,target,rfbm_classif_u10
5694fdcadd8aa9bb,target,rfbm_featall_o1
15989a3ccf5887e3,target,rfbm_featall_u10
4d111f46e7c68bc4,target,rfbm_featsel_o1
6619c71c6478c745,target,rfbm_featsel_u10
41dec3bc6e1feb1a,target,rfeval_featall_o1
8b1c49e00a03e5c2,target,rfeval_featall_u10
dacc36d0c9137ab2,target,rfeval_featsel_o1
1586d6be032528ca,target,rfeval_featsel_u10
8b5f3010ce86645c,import,rformat_network
536c08071574b501,target,rfpreds_gauges
b9175e98aa606267,target,rfpreds_network
8f54a1625b7e3d9d,target,rfresampled_classif_o1
00ad869a90e4b861,target,rfresampled_classif_o1_4250a16d
96590b4897c727c6,target,rfresampled_classif_o1_6817976f
0cc721f7b2b4cfe8,target,rfresampled_classif_u10
d2881c1a36c26c01,target,rfresampled_classif_u10_6817976f
71ca56c11a654ed0,target,rfresampled_classif_u10_e908d226
dd3593b1fdedc486,target,rftuned_o1
d0aadf2255d93d65,target,rftuned_u10
94929593929a64ac,target,rivernetwork
830b00a90e12052b,target,rivpred
de49159c246e3aee,import,rootdir
577eccf91bd77775,import,rsmp_auc
dea487d4ac4e353e,import,rsmp_bacc
640d71252ac60667,import,rsmp_bbrier
50c7bb1f4a2a0061,import,rsmp_pre
0c14b5d1372ae361,import,rsmp_sen
54b26669cff526ea,import,rsmp_spe
195984eaa229af9e,import,scientific_10
654219b4abde673a,import,select_features
afdda9f6f4768142,target,selected_learner_o1
afdda9f6f4768142,target,selected_learner_u10
ce8450487dc87471,import,selectformat_predvars
e2a9b0e84298a447,import,selecttrain_rf
08f83c7257a14478,target,seplearners_o1
b34b42adcb03748a,target,seplearners_u10
5d4b6bcef7ab0e63,import,set_cvresampling
f9f4fd1998485f58,import,set_tuning
79433d5af8f859c7,import,sfformat_wintri
8222b6b62651e582,target,tablebm_classif1_o1
4a2176fd37c01fa5,target,tablebm_classif1_u10
269659cd2c00987d,target,tablebm_classif2_o1
ba2d44ebe33aec07,target,tablebm_classif2_u10
4f901737e1296dd7,import,tabulate_benchmarks
fc488362353519bc,import,tabulate_globalsummary
1ade8acfa34fbe3a,target,tasks_featsel_o1
0a6a5bd612f920bb,target,tasks_featsel_u10
bc71896ac27a2ef4,target,tasks_o1
73772560b184bce4,target,tasks_u10
f9a567114a7299c7,import,test_joincount
06df235fc3116442,import,test_thresholdsensitivity
e5e86c6c9a0809b8,import,threshold_misclass
7e975151c4499fc9,target,threshold_sensitivity
3b744ae1445403aa,target,vimp_plot_o1
d711f8afd777999d,target,vimp_plot_u10
93cd2c8dec877197,import,weighted_sd
0389e1467aafe572,import,weighted_vimportance_nestedrf
f6060e44a58328c8,import,write_gaugepreds
ef0275c500585aef,import,write_netpreds
8f65a1d5acc4a567,import,zero_lomf
